Workbook

Sheet Notes
A1: Manufacturing Calendar Upload
A2: © 2024 Siemens Industry Software Inc.
A4: Target Release:
A5: CEP V6SU13 and above
A7: Purpose:
A8: In conjunction with the Camstar Portal, this worksheet lets you define a manufacturing calendar in Excel, using Excel formulas and other Excel functionality to create your calendar. The Camstar Portal can read the data in this spreadsheet, and create the appropriate calendar records.
A10: How to use this worksheet:
A11: You will be entering data in a separate row in the following "Calendar" worksheet for each calendar shift record in your calendar. If your calendar includes 365 days and there are 3 shifts per day, you should have 1095 records (plus the header record) in the Calendar worksheet.
A12: Before using this workbook, you should use the Camstar Portal to create definitions for Shifts and Teams. You will be providing the name of the shift and team for each record in the Manufacturing calendar.
A13: If you would like to perform excel sheet import as an Update, then the 'CalendarShiftId' column value should match with exported CalendarShifts' Calendar Shift Id column which will update corresponding Calendar Shift details. In case 'CalendarShiftId' is empty then it is treated as a new record and will be appended to existing calendar shifts. Please find the first set of sample data below for Update.
A14: If you would like to perform excel sheet import as an Overwrite, the 'CalendarShiftId' column value should be empty. The Calendar Shift records(rows) with empty 'CalendarShiftId' column are considered as a new records and will be added to a Mfg calendar. Please find the second set of sample data below for Overwrite.
A15: When entering the calendar shift information, you should confirm that the ShiftName and TeamName columns only contain entries that are valid names of shifts and teams. The TeamName, and the fiscal period columns are optional. The “StringCalendarDate”, “StringShiftStart”, and “StringShiftEnd” columns are calculated, and should not be modified. All other columns are required.
... A20: Key to color-coding:
A21: To the right of this note are definitions of the color formatting used in the "Calendar" spreadsheet | B21: Column Headings
B22: Data Entry
B23: Protected calculations
A25: Sample Data:
A26: To the right of this note is a set of sample data, showing how the "calendar" worksheet should appear when populated. | B26: CalendarShiftId | C26: CalendarDate | D26: ShiftName | E26: ShiftStart | F26: ShiftEnd | G26: TeamName | H26: FiscalYear | I26: FiscalQtr | J26: FiscalMonth | K26: FiscalWeek | L26: StringCalendarDate | M26: StringShiftStart | N26: StringShiftEnd | O26: isNonScheduledTime
A27: The first table to the right is sample data for import type Update. The first record updates the matching record in system with | B27: 001b8b8000000147 | C27: 42005 | D27: Shift1 | E27: 42005.292 | F27: 42005.625 | G27: Crew1 | H27: 2015 | I27: 1 | J27: 1 | K27: 1 | L27: =TEXT(C27,"yyyy-mm-dd") -> 2015-01-01 | M27: =IF(E27 <>"",TEXT(E27,"yyyy-mm-ddThh:mm"),"") -> 2015-01-01T07:00 | N27: =IF(F27 <>"",TEXT(F27,"yyyy-mm-ddThh:mm"),"") -> 2015-01-01T15:00 | O27: =IF(J46 <> "", TEXT(J46, "0.00000000000000"), "") -> 0.25762731481482
A28: respect to CalendarShiftId. The second record is appended to existing calendar shifts in the system. | C28: 42005 | D28: Shift2 | E28: 42005.625 | F28: 42005.958 | G28: Crew2 | H28: 2015 | I28: 1 | J28: 1 | K28: 1 | L28: =TEXT(C28,"yyyy-mm-dd") -> 2015-01-01 | M28: =IF(E28 <>"",TEXT(E28,"yyyy-mm-ddThh:mm"),"") -> 2015-01-01T15:00 | N28: =IF(F28 <>"",TEXT(F28,"yyyy-mm-ddThh:mm"),"") -> 2015-01-01T23:00 | O28: =IF(J47 <> "", TEXT(J47, "0.00000000000000"), "") -> 0.22951388888889
A30: The second table to the right is sample data for import type Overwrite. All the calendar shifts are flushed(deleted) and these | B30: CalendarShiftId | C30: CalendarDate | D30: ShiftName | E30: ShiftStart | F30: ShiftEnd | G30: TeamName | H30: FiscalYear | I30: FiscalQtr | J30: FiscalMonth | K30: FiscalWeek | L30: StringCalendarDate | M30: StringShiftStart | N30: StringShiftEnd | O30: isNonScheduledTime
A31: records are added in system irrespective of CalendarShiftId value provided. You must keep the CalendarShiftId column empty | C31: 42005 | D31: Shift1 | E31: 42005.292 | F31: 42005.625 | G31: Crew1 | H31: 2015 | I31: 1 | J31: 1 | K31: 1 | L31: =TEXT(C31,"yyyy-mm-dd") -> 2015-01-01 | M31: =IF(E31 <>"",TEXT(E31,"yyyy-mm-ddThh:mm"),"") -> 2015-01-01T07:00 | N31: =IF(F31 <>"",TEXT(F31,"yyyy-mm-ddThh:mm"),"") -> 2015-01-01T15:00 | O31: =IF(J46 <> "", TEXT(J46, "0.00000000000000"), "") -> 0.25762731481482
A32: in case of Overwrite. | C32: 42005 | D32: Shift2 | E32: 42005.625 | F32: 42005.958 | G32: Crew2 | H32: 2015 | I32: 1 | J32: 1 | K32: 1 | L32: =TEXT(C32,"yyyy-mm-dd") -> 2015-01-01 | M32: =IF(E32 <>"",TEXT(E32,"yyyy-mm-ddThh:mm"),"") -> 2015-01-01T15:00 | N32: =IF(F32 <>"",TEXT(F32,"yyyy-mm-ddThh:mm"),"") -> 2015-01-01T23:00 | O32: =IF(J47 <> "", TEXT(J47, "0.00000000000000"), "") -> 0.22951388888889
A33: Notes and constraints:
A34: You must not change the order of columns or insert columns into the spreadsheet
A35: The calculated cells are only provided through row 1500; if more rows are desired, you must copy the calculations in columns K,L, and M to the additional rows.
A36: If any information is written in the cell in column A, the system will attempt to upload the row. Only put information into the cell in column A if the row contains valid calendar shift data.
A38: OEE Enhancement:
A39: A new column "Non-Scheduled Time" has been added at the end of the "Calendar" worksheet. The column refers to the duration of downtime per shift that will not be included in OEE Availability Loss calculation, i.e. shutdown. This column is optional.
A40: To enter non-scheduled time, use the third worksheet "Non-Scheduled Time". Enter the duration in terms of days, hours, minutes and seconds, and the value will be resolved and copied to the "Calendar" worksheet in a format that is accepted by Camstar Portal.
A41: You are encouraged to complete the "Calendar" worksheet before entering data in "Non-Scheduled Time". The first four yellow columns are populated for your reference, based on the data entered in the "Calendar" worksheet.
A42: Note that the non-scheduled time in each row should not be longer than the duration of the shift of that row. For example, the sample data to the right of this note has a shift from 7am to 3pm, which is 8 hours. Therefore, the maximum possible non-scheduled time for that shift cannot be more than 8 hours.
A44: Sample Data:
A45: To the right of this note is a set of sample data, showing how the "Non-Scheduled Time" worksheet should appear when populated. Enter the duration in the 4 white columns. | B45: CalendarDate | C45: ShiftName | D45: ShiftStart | E45: ShiftEnd | F45: Days | G45: Hours | H45: Minutes | I45: Seconds | J45: Non-Scheduled Time
B46: =IF(Notes!C27 <> "", TEXT(Notes!C27,"m/d/yyyy"), "") -> 1/1/2015 | C46: =IF(Notes!D27 <> "", TEXT(Notes!D27,""), "") -> Shift1 | D46: =IF(Notes!E27 <> "", TEXT(Notes!E27,"m/d/yy hh:mm AM/PM"), "") -> 1/1/15 07:00 AM | E46: =IF(Notes!F27 <> "", TEXT(Notes!F27,"m/d/yy hh:mm AM/PM"), "") -> 1/1/15 03:00 PM | F46: 0 | G46: 6 | H46: 10 | I46: 59 | J46: =IF(SUM(F46:I46) > 0,F46+(G46/24)+(H46/1440)+(I46/86400),"") -> 0.25762731
B47: =IF(Notes!C28 <> "", TEXT(Notes!C28,"m/d/yyyy"), "") -> 1/1/2015 | C47: =IF(Notes!D28 <> "", TEXT(Notes!D28,""), "") -> Shift2 | D47: =IF(Notes!E28 <> "", TEXT(Notes!E28,"m/d/yy hh:mm AM/PM"), "") -> 1/1/15 03:00 PM | E47: =IF(Notes!F28 <> "", TEXT(Notes!F28,"m/d/yy hh:mm AM/PM"), "") -> 1/1/15 11:00 PM | F47: 0 | G47: 5 | H47: 30 | I47: 30 | J47: =IF(SUM(F47:I47) > 0,F47+(G47/24)+(H47/1440)+(I47/86400),"") -> 0.22951389

Sheet Calendar
A1: CalendarShiftId | B1: CalendarDate | C1: ShiftName | D1: ShiftStart | E1: ShiftEnd | F1: TeamName | G1: FiscalYear | H1: FiscalQtr | I1: FiscalMonth | J1: FiscalWeek | K1: StringCalendarDate | L1: StringShiftStart | M1: StringShiftEnd | N1: isNonScheduledTime
K2: =IF(B2 <>"",TEXT(B2,"yyyy-mm-dd"),"") | L2: =IF(D2 <>"",TEXT(D2,"yyyy-mm-ddThh:mm:ss"),"") | M2: =IF(E2 <>"",TEXT(E2,"yyyy-mm-ddThh:mm:ss"),"") | N2: =IF('Non-Scheduled Time'!I2 <> "", TEXT('Non-Scheduled Time'!I2, "0.00000000000000"), "")
K3: =IF(B3 <>"",TEXT(B3,"yyyy-mm-dd"),"") | L3: =IF(D3 <>"",TEXT(D3,"yyyy-mm-ddThh:mm:ss"),"") | M3: =IF(E3 <>"",TEXT(E3,"yyyy-mm-ddThh:mm:ss"),"") | N3: =IF('Non-Scheduled Time'!I3 <> "", TEXT('Non-Scheduled Time'!I3, "0.00000000000000"), "")
K4: =IF(B4 <>"",TEXT(B4,"yyyy-mm-dd"),"") | L4: =IF(D4 <>"",TEXT(D4,"yyyy-mm-ddThh:mm:ss"),"") | M4: =IF(E4 <>"",TEXT(E4,"yyyy-mm-ddThh:mm:ss"),"") | N4: =IF('Non-Scheduled Time'!I4 <> "", TEXT('Non-Scheduled Time'!I4, "0.00000000000000"), "")
K5: =IF(B5 <>"",TEXT(B5,"yyyy-mm-dd"),"") | L5: =IF(D5 <>"",TEXT(D5,"yyyy-mm-ddThh:mm:ss"),"") | M5: =IF(E5 <>"",TEXT(E5,"yyyy-mm-ddThh:mm:ss"),"") | N5: =IF('Non-Scheduled Time'!I5 <> "", TEXT('Non-Scheduled Time'!I5, "0.00000000000000"), "")
K6: =IF(B6 <>"",TEXT(B6,"yyyy-mm-dd"),"") | L6: =IF(D6 <>"",TEXT(D6,"yyyy-mm-ddThh:mm:ss"),"") | M6: =IF(E6 <>"",TEXT(E6,"yyyy-mm-ddThh:mm:ss"),"") | N6: =IF('Non-Scheduled Time'!I6 <> "", TEXT('Non-Scheduled Time'!I6, "0.00000000000000"), "")
K7: =IF(B7 <>"",TEXT(B7,"yyyy-mm-dd"),"") | L7: =IF(D7 <>"",TEXT(D7,"yyyy-mm-ddThh:mm:ss"),"") | M7: =IF(E7 <>"",TEXT(E7,"yyyy-mm-ddThh:mm:ss"),"") | N7: =IF('Non-Scheduled Time'!I7 <> "", TEXT('Non-Scheduled Time'!I7, "0.00000000000000"), "")
K8: =IF(B8 <>"",TEXT(B8,"yyyy-mm-dd"),"") | L8: =IF(D8 <>"",TEXT(D8,"yyyy-mm-ddThh:mm:ss"),"") | M8: =IF(E8 <>"",TEXT(E8,"yyyy-mm-ddThh:mm:ss"),"") | N8: =IF('Non-Scheduled Time'!I8 <> "", TEXT('Non-Scheduled Time'!I8, "0.00000000000000"), "")
K9: =IF(B9 <>"",TEXT(B9,"yyyy-mm-dd"),"") | L9: =IF(D9 <>"",TEXT(D9,"yyyy-mm-ddThh:mm:ss"),"") | M9: =IF(E9 <>"",TEXT(E9,"yyyy-mm-ddThh:mm:ss"),"") | N9: =IF('Non-Scheduled Time'!I9 <> "", TEXT('Non-Scheduled Time'!I9, "0.00000000000000"), "")
K10: =IF(B10 <>"",TEXT(B10,"yyyy-mm-dd"),"") | L10: =IF(D10 <>"",TEXT(D10,"yyyy-mm-ddThh:mm:ss"),"") | M10: =IF(E10 <>"",TEXT(E10,"yyyy-mm-ddThh:mm:ss"),"") | N10: =IF('Non-Scheduled Time'!I10 <> "", TEXT('Non-Scheduled Time'!I10, "0.00000000000000"), "")
K11: =IF(B11 <>"",TEXT(B11,"yyyy-mm-dd"),"") | L11: =IF(D11 <>"",TEXT(D11,"yyyy-mm-ddThh:mm:ss"),"") | M11: =IF(E11 <>"",TEXT(E11,"yyyy-mm-ddThh:mm:ss"),"") | N11: =IF('Non-Scheduled Time'!I11 <> "", TEXT('Non-Scheduled Time'!I11, "0.00000000000000"), "")
K12: =IF(B12 <>"",TEXT(B12,"yyyy-mm-dd"),"") | L12: =IF(D12 <>"",TEXT(D12,"yyyy-mm-ddThh:mm:ss"),"") | M12: =IF(E12 <>"",TEXT(E12,"yyyy-mm-ddThh:mm:ss"),"") | N12: =IF('Non-Scheduled Time'!I12 <> "", TEXT('Non-Scheduled Time'!I12, "0.00000000000000"), "")
K13: =IF(B13 <>"",TEXT(B13,"yyyy-mm-dd"),"") | L13: =IF(D13 <>"",TEXT(D13,"yyyy-mm-ddThh:mm:ss"),"") | M13: =IF(E13 <>"",TEXT(E13,"yyyy-mm-ddThh:mm:ss"),"") | N13: =IF('Non-Scheduled Time'!I13 <> "", TEXT('Non-Scheduled Time'!I13, "0.00000000000000"), "")
... K1500: =IF(B1500 <>"",TEXT(B1500,"yyyy-mm-dd"),"") | L1500: =IF(D1500 <>"",TEXT(D1500,"yyyy-mm-ddThh:mm:ss"),"") | M1500: =IF(E1500 <>"",TEXT(E1500,"yyyy-mm-ddThh:mm:ss"),"") | N1500: =IF('Non-Scheduled Time'!I1500 <> "", TEXT('Non-Scheduled Time'!I1500, "0.00000000000000"), "")

Sheet Non-Scheduled Time
A1: CalendarDate | B1: ShiftName | C1: ShiftStart | D1: ShiftEnd | E1: Days | F1: Hours | G1: Minutes | H1: Seconds | I1: Non-Scheduled Time
A2: =IF(Calendar!B2 <> "", TEXT(Calendar!B2,"m/d/yyyy"), "") | B2: =IF(Calendar!C2 <> "", TEXT(Calendar!C2,""), "") | C2: =IF(Calendar!D2 <> "", TEXT(Calendar!D2,"m/d/yy hh:mm AM/PM"), "") | D2: =IF(Calendar!E2 <> "", TEXT(Calendar!E2,"m/d/yy hh:mm AM/PM"), "") | I2: =IF(SUM(E2:H2) > 0,E2+(F2/24)+(G2/1440)+(H2/86400),"")
A3: =IF(Calendar!B3 <> "", TEXT(Calendar!B3,"m/d/yyyy"), "") | B3: =IF(Calendar!C3 <> "", TEXT(Calendar!C3,""), "") | C3: =IF(Calendar!D3 <> "", TEXT(Calendar!D3,"m/d/yy hh:mm AM/PM"), "") | D3: =IF(Calendar!E3 <> "", TEXT(Calendar!E3,"m/d/yy hh:mm AM/PM"), "") | I3: =IF(SUM(E3:H3) > 0,E3+(F3/24)+(G3/1440)+(H3/86400),"")
A4: =IF(Calendar!B4 <> "", TEXT(Calendar!B4,"m/d/yyyy"), "") | B4: =IF(Calendar!C4 <> "", TEXT(Calendar!C4,""), "") | C4: =IF(Calendar!D4 <> "", TEXT(Calendar!D4,"m/d/yy hh:mm AM/PM"), "") | D4: =IF(Calendar!E4 <> "", TEXT(Calendar!E4,"m/d/yy hh:mm AM/PM"), "") | I4: =IF(SUM(E4:H4) > 0,E4+(F4/24)+(G4/1440)+(H4/86400),"")
A5: =IF(Calendar!B5 <> "", TEXT(Calendar!B5,"m/d/yyyy"), "") | B5: =IF(Calendar!C5 <> "", TEXT(Calendar!C5,""), "") | C5: =IF(Calendar!D5 <> "", TEXT(Calendar!D5,"m/d/yy hh:mm AM/PM"), "") | D5: =IF(Calendar!E5 <> "", TEXT(Calendar!E5,"m/d/yy hh:mm AM/PM"), "") | I5: =IF(SUM(E5:H5) > 0,E5+(F5/24)+(G5/1440)+(H5/86400),"")
A6: =IF(Calendar!B6 <> "", TEXT(Calendar!B6,"m/d/yyyy"), "") | B6: =IF(Calendar!C6 <> "", TEXT(Calendar!C6,""), "") | C6: =IF(Calendar!D6 <> "", TEXT(Calendar!D6,"m/d/yy hh:mm AM/PM"), "") | D6: =IF(Calendar!E6 <> "", TEXT(Calendar!E6,"m/d/yy hh:mm AM/PM"), "") | I6: =IF(SUM(E6:H6) > 0,E6+(F6/24)+(G6/1440)+(H6/86400),"")
A7: =IF(Calendar!B7 <> "", TEXT(Calendar!B7,"m/d/yyyy"), "") | B7: =IF(Calendar!C7 <> "", TEXT(Calendar!C7,""), "") | C7: =IF(Calendar!D7 <> "", TEXT(Calendar!D7,"m/d/yy hh:mm AM/PM"), "") | D7: =IF(Calendar!E7 <> "", TEXT(Calendar!E7,"m/d/yy hh:mm AM/PM"), "") | I7: =IF(SUM(E7:H7) > 0,E7+(F7/24)+(G7/1440)+(H7/86400),"")
A8: =IF(Calendar!B8 <> "", TEXT(Calendar!B8,"m/d/yyyy"), "") | B8: =IF(Calendar!C8 <> "", TEXT(Calendar!C8,""), "") | C8: =IF(Calendar!D8 <> "", TEXT(Calendar!D8,"m/d/yy hh:mm AM/PM"), "") | D8: =IF(Calendar!E8 <> "", TEXT(Calendar!E8,"m/d/yy hh:mm AM/PM"), "") | I8: =IF(SUM(E8:H8) > 0,E8+(F8/24)+(G8/1440)+(H8/86400),"")
A9: =IF(Calendar!B9 <> "", TEXT(Calendar!B9,"m/d/yyyy"), "") | B9: =IF(Calendar!C9 <> "", TEXT(Calendar!C9,""), "") | C9: =IF(Calendar!D9 <> "", TEXT(Calendar!D9,"m/d/yy hh:mm AM/PM"), "") | D9: =IF(Calendar!E9 <> "", TEXT(Calendar!E9,"m/d/yy hh:mm AM/PM"), "") | I9: =IF(SUM(E9:H9) > 0,E9+(F9/24)+(G9/1440)+(H9/86400),"")
A10: =IF(Calendar!B10 <> "", TEXT(Calendar!B10,"m/d/yyyy"), "") | B10: =IF(Calendar!C10 <> "", TEXT(Calendar!C10,""), "") | C10: =IF(Calendar!D10 <> "", TEXT(Calendar!D10,"m/d/yy hh:mm AM/PM"), "") | D10: =IF(Calendar!E10 <> "", TEXT(Calendar!E10,"m/d/yy hh:mm AM/PM"), "") | I10: =IF(SUM(E10:H10) > 0,E10+(F10/24)+(G10/1440)+(H10/86400),"")
A11: =IF(Calendar!B11 <> "", TEXT(Calendar!B11,"m/d/yyyy"), "") | B11: =IF(Calendar!C11 <> "", TEXT(Calendar!C11,""), "") | C11: =IF(Calendar!D11 <> "", TEXT(Calendar!D11,"m/d/yy hh:mm AM/PM"), "") | D11: =IF(Calendar!E11 <> "", TEXT(Calendar!E11,"m/d/yy hh:mm AM/PM"), "") | I11: =IF(SUM(E11:H11) > 0,E11+(F11/24)+(G11/1440)+(H11/86400),"")
A12: =IF(Calendar!B12 <> "", TEXT(Calendar!B12,"m/d/yyyy"), "") | B12: =IF(Calendar!C12 <> "", TEXT(Calendar!C12,""), "") | C12: =IF(Calendar!D12 <> "", TEXT(Calendar!D12,"m/d/yy hh:mm AM/PM"), "") | D12: =IF(Calendar!E12 <> "", TEXT(Calendar!E12,"m/d/yy hh:mm AM/PM"), "") | I12: =IF(SUM(E12:H12) > 0,E12+(F12/24)+(G12/1440)+(H12/86400),"")
A13: =IF(Calendar!B13 <> "", TEXT(Calendar!B13,"m/d/yyyy"), "") | B13: =IF(Calendar!C13 <> "", TEXT(Calendar!C13,""), "") | C13: =IF(Calendar!D13 <> "", TEXT(Calendar!D13,"m/d/yy hh:mm AM/PM"), "") | D13: =IF(Calendar!E13 <> "", TEXT(Calendar!E13,"m/d/yy hh:mm AM/PM"), "") | I13: =IF(SUM(E13:H13) > 0,E13+(F13/24)+(G13/1440)+(H13/86400),"")
... A21: =IF(Calendar!B21 <> "", TEXT(Calendar!B21,"m/d/yyyy"), "") | B21: =IF(Calendar!C21 <> "", TEXT(Calendar!C21,""), "") | C21: =IF(Calendar!D21 <> "", TEXT(Calendar!D21,"m/d/yy hh:mm AM/PM"), "") | D21: =IF(Calendar!E21 <> "", TEXT(Calendar!E21,"m/d/yy hh:mm AM/PM"), "") | I21: =IF(SUM(E21:H21) > 0,E21+(F21/24)+(G21/1440)+(H21/86400),"")
A22: =IF(Calendar!B22 <> "", TEXT(Calendar!B22,"m/d/yyyy"), "") | B22: =IF(Calendar!C22 <> "", TEXT(Calendar!C22,""), "") | C22: =IF(Calendar!D22 <> "", TEXT(Calendar!D22,"m/d/yy hh:mm AM/PM"), "") | D22: =IF(Calendar!E22 <> "", TEXT(Calendar!E22,"m/d/yy hh:mm AM/PM"), "")
A23: =IF(Calendar!B23 <> "", TEXT(Calendar!B23,"m/d/yyyy"), "") | B23: =IF(Calendar!C23 <> "", TEXT(Calendar!C23,""), "") | C23: =IF(Calendar!D23 <> "", TEXT(Calendar!D23,"m/d/yy hh:mm AM/PM"), "") | D23: =IF(Calendar!E23 <> "", TEXT(Calendar!E23,"m/d/yy hh:mm AM/PM"), "")
A24: =IF(Calendar!B24 <> "", TEXT(Calendar!B24,"m/d/yyyy"), "") | B24: =IF(Calendar!C24 <> "", TEXT(Calendar!C24,""), "") | C24: =IF(Calendar!D24 <> "", TEXT(Calendar!D24,"m/d/yy hh:mm AM/PM"), "") | D24: =IF(Calendar!E24 <> "", TEXT(Calendar!E24,"m/d/yy hh:mm AM/PM"), "") | I24: =IF(SUM(E24:H24) > 0,E24+(F24/24)+(G24/1440)+(H24/86400),"")
A25: =IF(Calendar!B25 <> "", TEXT(Calendar!B25,"m/d/yyyy"), "") | B25: =IF(Calendar!C25 <> "", TEXT(Calendar!C25,""), "") | C25: =IF(Calendar!D25 <> "", TEXT(Calendar!D25,"m/d/yy hh:mm AM/PM"), "") | D25: =IF(Calendar!E25 <> "", TEXT(Calendar!E25,"m/d/yy hh:mm AM/PM"), "") | I25: =IF(SUM(E25:H25) > 0,E25+(F25/24)+(G25/1440)+(H25/86400),"")
A26: =IF(Calendar!B26 <> "", TEXT(Calendar!B26,"m/d/yyyy"), "") | B26: =IF(Calendar!C26 <> "", TEXT(Calendar!C26,""), "") | C26: =IF(Calendar!D26 <> "", TEXT(Calendar!D26,"m/d/yy hh:mm AM/PM"), "") | D26: =IF(Calendar!E26 <> "", TEXT(Calendar!E26,"m/d/yy hh:mm AM/PM"), "") | I26: =IF(SUM(E26:H26) > 0,E26+(F26/24)+(G26/1440)+(H26/86400),"")
A27: =IF(Calendar!B27 <> "", TEXT(Calendar!B27,"m/d/yyyy"), "") | B27: =IF(Calendar!C27 <> "", TEXT(Calendar!C27,""), "") | C27: =IF(Calendar!D27 <> "", TEXT(Calendar!D27,"m/d/yy hh:mm AM/PM"), "") | D27: =IF(Calendar!E27 <> "", TEXT(Calendar!E27,"m/d/yy hh:mm AM/PM"), "") | I27: =IF(SUM(E27:H27) > 0,E27+(F27/24)+(G27/1440)+(H27/86400),"")
A28: =IF(Calendar!B28 <> "", TEXT(Calendar!B28,"m/d/yyyy"), "") | B28: =IF(Calendar!C28 <> "", TEXT(Calendar!C28,""), "") | C28: =IF(Calendar!D28 <> "", TEXT(Calendar!D28,"m/d/yy hh:mm AM/PM"), "") | D28: =IF(Calendar!E28 <> "", TEXT(Calendar!E28,"m/d/yy hh:mm AM/PM"), "") | I28: =IF(SUM(E28:H28) > 0,E28+(F28/24)+(G28/1440)+(H28/86400),"")
A29: =IF(Calendar!B29 <> "", TEXT(Calendar!B29,"m/d/yyyy"), "") | B29: =IF(Calendar!C29 <> "", TEXT(Calendar!C29,""), "") | C29: =IF(Calendar!D29 <> "", TEXT(Calendar!D29,"m/d/yy hh:mm AM/PM"), "") | D29: =IF(Calendar!E29 <> "", TEXT(Calendar!E29,"m/d/yy hh:mm AM/PM"), "") | I29: =IF(SUM(E29:H29) > 0,E29+(F29/24)+(G29/1440)+(H29/86400),"")
A30: =IF(Calendar!B30 <> "", TEXT(Calendar!B30,"m/d/yyyy"), "") | B30: =IF(Calendar!C30 <> "", TEXT(Calendar!C30,""), "") | C30: =IF(Calendar!D30 <> "", TEXT(Calendar!D30,"m/d/yy hh:mm AM/PM"), "") | D30: =IF(Calendar!E30 <> "", TEXT(Calendar!E30,"m/d/yy hh:mm AM/PM"), "") | I30: =IF(SUM(E30:H30) > 0,E30+(F30/24)+(G30/1440)+(H30/86400),"")
A31: =IF(Calendar!B31 <> "", TEXT(Calendar!B31,"m/d/yyyy"), "") | B31: =IF(Calendar!C31 <> "", TEXT(Calendar!C31,""), "") | C31: =IF(Calendar!D31 <> "", TEXT(Calendar!D31,"m/d/yy hh:mm AM/PM"), "") | D31: =IF(Calendar!E31 <> "", TEXT(Calendar!E31,"m/d/yy hh:mm AM/PM"), "") | I31: =IF(SUM(E31:H31) > 0,E31+(F31/24)+(G31/1440)+(H31/86400),"")
A32: =IF(Calendar!B32 <> "", TEXT(Calendar!B32,"m/d/yyyy"), "") | B32: =IF(Calendar!C32 <> "", TEXT(Calendar!C32,""), "") | C32: =IF(Calendar!D32 <> "", TEXT(Calendar!D32,"m/d/yy hh:mm AM/PM"), "") | D32: =IF(Calendar!E32 <> "", TEXT(Calendar!E32,"m/d/yy hh:mm AM/PM"), "") | I32: =IF(SUM(E32:H32) > 0,E32+(F32/24)+(G32/1440)+(H32/86400),"")
A33: =IF(Calendar!B33 <> "", TEXT(Calendar!B33,"m/d/yyyy"), "") | B33: =IF(Calendar!C33 <> "", TEXT(Calendar!C33,""), "") | C33: =IF(Calendar!D33 <> "", TEXT(Calendar!D33,"m/d/yy hh:mm AM/PM"), "") | D33: =IF(Calendar!E33 <> "", TEXT(Calendar!E33,"m/d/yy hh:mm AM/PM"), "") | I33: =IF(SUM(E33:H33) > 0,E33+(F33/24)+(G33/1440)+(H33/86400),"")
A34: =IF(Calendar!B34 <> "", TEXT(Calendar!B34,"m/d/yyyy"), "") | B34: =IF(Calendar!C34 <> "", TEXT(Calendar!C34,""), "") | C34: =IF(Calendar!D34 <> "", TEXT(Calendar!D34,"m/d/yy hh:mm AM/PM"), "") | D34: =IF(Calendar!E34 <> "", TEXT(Calendar!E34,"m/d/yy hh:mm AM/PM"), "") | I34: =IF(SUM(E34:H34) > 0,E34+(F34/24)+(G34/1440)+(H34/86400),"")
A35: =IF(Calendar!B35 <> "", TEXT(Calendar!B35,"m/d/yyyy"), "") | B35: =IF(Calendar!C35 <> "", TEXT(Calendar!C35,""), "") | C35: =IF(Calendar!D35 <> "", TEXT(Calendar!D35,"m/d/yy hh:mm AM/PM"), "") | D35: =IF(Calendar!E35 <> "", TEXT(Calendar!E35,"m/d/yy hh:mm AM/PM"), "") | I35: =IF(SUM(E35:H35) > 0,E35+(F35/24)+(G35/1440)+(H35/86400),"")
... A1500: =IF(Calendar!B1500 <> "", TEXT(Calendar!B1500,"m/d/yyyy"), "") | B1500: =IF(Calendar!C1500 <> "", TEXT(Calendar!C1500,""), "") | C1500: =IF(Calendar!D1500 <> "", TEXT(Calendar!D1500,"m/d/yy hh:mm AM/PM"), "") | D1500: =IF(Calendar!E1500 <> "", TEXT(Calendar!E1500,"m/d/yy hh:mm AM/PM"), "") | I1500: =IF(SUM(E1500:H1500) > 0,E1500+(F1500/24)+(G1500/1440)+(H1500/86400),"")
